{"cameraMode":{"drawMode":0,"name":"Shaded","section":"Shading Mode"},"sceneLighting":true,"audioPlay":false,"sceneViewState":{"m_AlwaysRefresh":false,"showFog":true,"showSkybox":true,"showFlares":true,"showImageEffects":true,"showParticleSystems":true,"showVisualEffectGraphs":true,"m_FxEnabled":true},"in2DMode":false,"pivot":{"x":-0.16214197874069215,"y":-0.0023340433835983278,"z":0.07118761539459229},"rotation":{"x":-0.07972876727581024,"y":0.9126075506210327,"z":-0.21494212746620179,"w":-0.33851513266563418},"size":0.2053261399269104,"orthographic":false}